Gloria Garcia,figurant
David Minkowski,figurant
Karina Varadi,figurant
Ghinea Diana,figurant
James Marshall,figurant
Philip Rosch,figurant
Sophie Holland,figurant
Lisa O'Hare,figurant
Vlad Roseanu,figurant
Carmen Ratoi,figurant
Hunter Doohan,figurant
Carla Gonz�lez Vargas,figurant
George Burcea,figurant
Sophia Nomvete,figurant
Kevin Lafferty,figurant
Todd Williams,figurant
Iman Marson,figurant
Matt Lambert,figurant
Gracy Goldman,figurant
Islam Bouakkaz,figurant
William Houston,figurant
Lewis Hayes,figurant
Daniel Himschoot,figurant
Alfred Gough,figurant
Percy Hynes White,figurant
Silvia Nancu,figurant
Roxana Alexandru,figurant
Gandja Monteiro,figurant
Jonathan Glickman,figurant
Natalie Testa,figurant
Ismail Kesu,figurant
William Houston,figurant
April Blair,figurant
Karina Varadi,figurant
Gandja Monteiro,figurant
Isaac Ordonez,figurant
Jay Prychidny,figurant
Adrian Curelea,figurant
Tommie Earl Jenkins,figurant
Jonathan Glickman,figurant
Silvia Nancu,figurant
Gracy Goldman,figurant
Jay Prychidny,figurant
James Marshall,figurant
Gloria Garcia,figurant
Tommie Earl Jenkins,figurant
John Papsidera,figurant
David Minkowski,figurant
James Marshall,figurant
Kevin Lafferty,figurant
Calum Ross,figurant
Oliver Wickham,figurant
William Houston,figurant
Moosa Mostafa,figurant
Andrei-Florian Popa,figurant
Sophie Holland,figurant
Ismail Kesu,figurant
Miles Millar,figurant
Carmen Ratoi,figurant
John Papsidera,figurant
Steve Stark,figurant
William Houston,figurant
Kevin Lafferty,figurant
Alfred Gough,figurant
Hunter Doohan,figurant
Michael Okele,figurant
Lachele Carl,figurant
April Blair,figurant
Tim Burton,figurant
Steve Stark,figurant
Carla Gonz�lez Vargas,figurant
David Lanzenberg,figurant
Paul G. Day,figurant
Christina Ricci,figurant
Ichir� Y�ki,figurant
James Marshall,figurant
Morgan Beale,figurant
Lachele Carl,figurant
Islam Bouakkaz,figurant
Gwendoline Christie,figurant
Isaac Ordonez,figurant
Nick Iannelli,figurant
Gloria Garcia,figurant
Kayla Alpert,figurant
Nick Iannelli,figurant
Carmen Pepelea,figurant
Gracy Goldman,figurant
Edward Kennedy,figurant
George Burcea,figurant
Natalie Testa,figurant
David Morison,figurant
Carmen Pepelea,figurant
Lewis Hayes,figurant
Carmen Ratoi,figurant
Luis Guzm�n,figurant
Percy Hynes White,figurant
Olimpia Malai,figurant
Cheherezade Valentine Okotaka Ebale,figurant
Christina Ricci,figurant
Ana Yavari,figurant
Gail Berman,figurant
Gracy Goldman,figurant
Rina Mahoney,figurant
Luis Guzm�n,figurant
Jamie McShane,figurant
Chris Bacon,figurant
Gwendoline Christie,figurant
Lachele Carl,figurant
Jamie McShane,figurant
Amanda Drew,figurant
Ana Yavari,figurant
Kevin Miserocchi,figurant
Chloe Cate,figurant
Joy Sunday,figurant
Ana Yavari,figurant
Joy Sunday,figurant
Emma Myers,figurant
Steve Stark,figurant
Danny Elfman,figurant
Cheherezade Valentine Okotaka Ebale,figurant
Iman Marson,figurant
Oliver Watson,figurant
April Blair,figurant
John Papsidera,figurant
Karina Varadi,figurant
William Houston,figurant
Lachele Carl,figurant
Ana Yavari,figurant
Jay Prychidny,figurant
Silvia Nancu,figurant
Fred Armisen,figurant
Chris Bacon,figurant
